kata;dasar
mengerti;mengerti
dimengerti;mengerti
pengguna;pengguna
pelayanan;layanan
pelayanannya;layanan
dilayani;layanan
layanan;layanan
melayani;layanan
layanannya;layanan
ngelayanin;layanan
terlayani;layanan
pengetahuan;pengetahuan
langganan;langganan
pelanggan;pelanggan
mendadak;mendadak
peforma;peforma
perkembangannya;perkembangan
berkunjung;berkunjung
pesan;pesan
pesanan;pesan
memesan;pesan
dipesan;pesan
pemesanan;pesan
memberkati;berkat
suntikan;suntik
ketemu;bertemu
ditingkatkan;tingkatkan
tingkatkan;tingkatkan
menghadapi;hadapi
hadapi;hadapi
sasaran;sasaran
konfirmasi;konfirmasi
mengkonfirmasi;konfirmasi
terkonfirmasi;konfirmasi
memilih;pilih
milih;pilih
pemilihan;pilih
pilih;pilih
puas;puas
kepuasan;puas
memuaskan;puas
jaringan;jaringan
pengalaman;pengalaman
berpengalaman;pengalaman
pengalamannya;pengalaman
rinci;rinci
terperinci;rinci
diberikan;beri
memberi;beri
memberikan;beri
berikan;beri
beri;beri
terjangkau;terjangkau
menurut;menurut
masalah;masalah
permasalahan;masalah
tangani;tangani
tertangani;tangani
keluhan;keluhan
peluncuran;peluncuran
sepihak;sepihak
belasan;belasan
pemula;pemula
pengaduan;pengaduan
pemerasan;peras
bergadang;bergadang
supaya;supaya
mendapatkan;dapat
nyesal;sesal
tindakan;tindakan
pengemasan;kemasan
kemasan;kemasan
